Timestamp,What faculty are you in?,What genres of music do you regularly listen to? (Please select all that apply),Do you listen to music when you study?,What music streaming service do you primarily use?,Who is your favourite artist/band right now?,"What is your favourite song right now? (Please follow an ""Artist - Song Title"" format)","What is your favourite album right now? (Please follow an ""Artist - Album"" format)",Have you attended any concerts / live music events in the past year?
5/10/2023 21:54:04,Mathematics,"R&B, Pop, Indie, K-Pop",Yes,Spotify,Joji,FIFTY FIFTY - Cupid,Joji - Smithereens,No
5/10/2023 21:59:31,Mathematics,"Hip-Hop / Rap, Pop, Indie, K-Pop, Rock",No,Spotify,Pink Floyd,Eagles - Hotel California,Pink Floyd - Wish You Were Here,No
5/10/2023 21:59:37,Mathematics,"Hip-Hop / Rap, Pop, EDM, K-Pop",Yes,YouTube Music,MCK,Vân rung - Gill,,Yes
5/10/2023 22:10:06,Mathematics,"Hip-Hop / Rap, R&B, Pop, Indie, Rock",Yes,Spotify,Polo g,Lil uzi vert - Futsal shuffle,Blink182 - Enema of the state,No
5/10/2023 22:30:48,,"Hip-Hop / Rap, R&B, Pop, Indie, K-Pop, Jazz, Lofi",Yes,Spotify,,,,Yes
5/10/2023 23:04:22,Mathematics,"Pop, Indie, EDM, Classical, Jazz, Lofi, Video Game Music",Yes,Spotify,YOASOBI,Celeina Ann - Message In the Wind,,No
5/11/2023 11:30:06,Mathematics,"Hip-Hop / Rap, R&B, Pop",Yes,Spotify,The Weeknd,Tyler the Creator - SWEET / I THOUGHT YOU WANTED TO DANCE,JID - The Forever Story,Yes
5/11/2023 14:29:57,Science,"Hip-Hop / Rap, Pop",Sometimes,Apple Music,Beyonce,Laura Branigan - Gloria,Beyonce - RENAISSANCE,Yes
5/11/2023 21:23:21,Mathematics,"Hip-Hop / Rap, Pop, Indie, EDM, Jazz, Lofi",Yes,Spotify,atarashii gakko,mokita - colorblind,atarashii gakko - ichijikikoku,No
5/11/2023 21:24:54,Engineering,"K-Pop, Lofi",Sometimes,Spotify,BTS,V/Taehyung- Sweet Night,,No
5/11/2023 21:25:26,Engineering,"Classical, Jazz",Yes,Apple Music,fox capture plan,Gecko & Tokage Parade - Run & Gun,Gecko & Tokage Parade - Heart of Tokage,No
5/11/2023 21:26:37,Arts,Indie,Yes,YouTube Music,Car Seat Headrest,Calamine - Flicker,Pepper Coyote - Muh,Yes
5/11/2023 21:27:39,Arts,"Hip-Hop / Rap, R&B, Pop, Indie, Rock",No,Spotify,,,,No
5/11/2023 21:31:41,Environment,"Hip-Hop / Rap, EDM, Rock, Jungle, garage, metal, dnb",Yes,Spotify,Bladee,Bladee - decay,Bladee - red light,Yes
5/11/2023 21:41:01,Arts,"Pop, Indie, Rock, Sea shanties",Sometimes,Spotify,Hozier,Gang of Youths - Achilles Come Down,Hozier - Eat Your Young,No
5/11/2023 21:43:35,Engineering,Pop,Yes,Spotify,Taylor Swift,Taylor Swift - Ivy,Taylor Swift - Evermore,Yes
5/11/2023 21:44:23,Mathematics,"Indie, Bedroom Pop, Indie Alt, Indie Rock",No,Spotify,Vansire ,Weston Estate - Pears,EDEN - ICYMI,Yes
5/11/2023 21:45:18,Engineering,"Hip-Hop / Rap, R&B, Indie",Yes,Spotify,"Tyler, The Creator",BETWEEN FRIENDS - Redlight,"Tyler, The Creator - CALL ME IF YOU GET LOST",No
5/11/2023 21:47:34,Mathematics,"Indie, Rock, Metal",Yes,Spotify,Between The Buried and Me,Gatherers - massalette,Architects - Holy Hell,Yes
5/11/2023 21:49:25,Mathematics,"Hip-Hop / Rap, Pop, Indie, Rock",Sometimes,Apple Music,Rush,Kendrick Lamar - m.A.A.d city,Lorde - Melodrama,
5/11/2023 21:56:44,Mathematics,K-Pop,Sometimes,YouTube Music,Red Velvet,LE SSERAFIM - No Celestial,Red Velvet - Queendom,No
5/11/2023 21:59:18,Mathematics,"Hip-Hop / Rap, R&B, Pop, Indie, Rock",Yes,Spotify,,,,Yes
5/11/2023 22:03:00,Mathematics,"Hip-Hop / Rap, R&B, Pop, Indie, Classical, Jazz, Lofi",Yes,Spotify,Mac Miller,wave to earth - calla,C418 - Minecraft Volume Alpha,Yes
5/11/2023 22:09:09,Mathematics,"Indie, EDM",Yes,Spotify,Odesza,Illenium - You Were Right,Odesza - The Last Goodbye,No
5/11/2023 22:10:03,Environment,"Hip-Hop / Rap, R&B, Pop, Indie, K-Pop",Yes,Spotify,Keshi,DPR IAN - Blueberries,Lauv - I met you when I was 18,Yes
5/11/2023 22:12:11,Engineering,"EDM, Rock, Metal, Alternative ",Yes,Apple Music,Pink Floyd,Pink Floyd - Comfortably Numb,Pink Floyd - The Wall,No
5/11/2023 22:12:42,Mathematics,"Hip-Hop / Rap, Pop, Indie, Rock, Lofi",Yes,YouTube Music,The strokes ,More like you - braver shores ,tame Impala - Currents,No
5/11/2023 22:16:32,Mathematics,"Hip-Hop / Rap, Pop, Indie, EDM, Rock",Yes,Spotify,Boards of Canada,Clams Casino - I'm God,Parannoul - After the Magic,Yes
5/11/2023 22:18:13,Mathematics,"Hip-Hop / Rap, R&B, Pop, Country, Rock, Jazz",No,Apple Music,ABBA,Bay City Rollers - Saturday Night,ABBA - Ring Ring,No
5/11/2023 22:24:37,Mathematics,"Hip-Hop / Rap, japanese",Sometimes,Spotify,J Cole,jcole - sacrifices,jcole - the off season,No
5/11/2023 22:28:33,Science,"Hip-Hop / Rap, R&B, Jazz",Yes,Spotify,Freddie Gibbs,Lil Wayne - Shooter,Freddie Gibbs and Madlib - Pinata,Yes
5/11/2023 22:38:00,Engineering,"Pop, Country, EDM",No,Spotify,Morgan Wallen,Morgan Wallen - 180,Morgan Wallen - one thing at a time ,No
5/11/2023 22:39:02,Health,"Pop, Classical, Rock",Sometimes,Spotify,,,,No
5/11/2023 22:41:53,Engineering,Rock,Sometimes,Spotify,CAKE,CAKE - Stickshifts and safety belts ,CAKE - Motorcades of generosity ,No
5/11/2023 22:57:14,Mathematics,"Hip-Hop / Rap, R&B, Indie, K-Pop",Yes,Spotify,NewJeans,NewJeans - Ditto,CHANGMO - DNSG,No
5/11/2023 22:59:05,Science,"Hip-Hop / Rap, Pop, Indie, Rock, Lofi",Yes,Spotify,The 1975,The Alcott - The national,When We Were Friends-The Backseat Lovers,Yes
5/11/2023 23:05:27,Science,"EDM, Classical",No,Spotify,Oliver Heldens,"Debris, Our Psyche - Omerta",Martin Garrix - Sentio,No
5/11/2023 23:12:40,Mathematics,"R&B, Pop, EDM, K-Pop, Rock, Musicals",Yes,Spotify,NewJeans,Hozier - Eat Your Young ,JVKE - this is what ____ feels like,No
5/11/2023 23:16:05,Mathematics,"R&B, Pop, Indie, K-Pop, Lofi",Yes,Spotify,,,,Yes
5/11/2023 23:19:47,Mathematics,"Hip-Hop / Rap, Indie, Lofi",Sometimes,Spotify,,,,Yes
5/11/2023 23:21:12,Engineering,"Hip-Hop / Rap, Pop, Indie, Classical, Rock",Yes,Apple Music,Drake,Drake - Gods Plan ,Arkelks - Leather Jacket ,Yes
5/11/2023 23:21:40,Engineering,"Lofi, Synthwave, Shoegaze, Mathrock, Dreampop, Breakcore, Drum and Bass ",Yes,Spotify,Elephant Gym, Lucid Express - Hotel 65,Candy Claws - Ceres and Calypso in the Deep Time ,No
5/11/2023 23:26:33,Mathematics,"Hip-Hop / Rap, R&B, Jazz, Lofi",Sometimes,Spotify,Rainbow Skittles Surprise ,Rainbow Skittles Surprise - It’s called: Freefall,,No
5/11/2023 23:36:42,Engineering,Punjabi,Yes,YouTube Music,Sidhu,Levels - sidhu,Never fold - sidhu,Yes
5/11/2023 23:37:43,Engineering,"Hip-Hop / Rap, Indie, Classical, Rock, Lofi, Bedroom pop",Yes,Spotify,Doja Cat,,,Yes
5/11/2023 23:38:09,Mathematics,"Hip-Hop / Rap, R&B, Pop, Indie, EDM, Rock, Jazz",Yes,Download music,Black Midi,Kraftwerk - Computer Love ,Mirrord - Battles,Yes
5/11/2023 23:38:45,Mathematics,"Hip-Hop / Rap, Pop, Indie, EDM, Classical, Rock, Jazz",Sometimes,Spotify,Imagine Dragons,Tom Tykwer - Cloud Atlas Finale,Tom Tykwer - Cloud Atlas,Yes
5/11/2023 23:39:43,Science,"Pop, Rock",Yes,YouTube Music,Linkin Park,Mike Posner - I Took A Pill In Ibiza,Linkin Park - Meteora,No
5/11/2023 23:42:37,Mathematics,"Indie, Classical, Rock, Jazz",Sometimes,Spotify,Death Grips,Death Grips - Lord of the game,Death Grips - Exmilitary,No
5/11/2023 23:47:48,Mathematics,"Hip-Hop / Rap, Pop, K-Pop",Yes,Spotify,Yukika,NCT DOJAEJUNG - Strawberry Sunday,Yukika - Soul Lady,Yes
5/11/2023 23:50:23,Engineering,"Hip-Hop / Rap, R&B, Pop, Indie, EDM, Classical, Lofi",Sometimes,Spotify,Omar Apollo,Elderbrook - Back to My Bed,SZA - Ctrl,Yes
5/11/2023 23:51:51,Science,"Hip-Hop / Rap, R&B, Pop, Indie, Rock, Jazz, Lofi",Yes,Spotify,Lil Uzi Vert,Kanye West - Life of the Party,MF Doom - Madvillainy,No
5/11/2023 23:52:02,Science,"Hip-Hop / Rap, R&B, K-Pop, Krnb, khiphop",No,Spotify,J.cob,Heaven and Back - Chase Atlantic ,DEAN - 130 Mood: TRBL,No
5/11/2023 23:52:35,Mathematics,"Indie, EDM, Rock, Metal",Sometimes,Spotify,Weezer,DethTech - The joke isn't funny when ur the punchline,Weezer - Pinkerton,No
5/11/2023 23:52:41,Engineering,"Hip-Hop / Rap, R&B, Pop, K-Pop",Yes,Spotify,Newjeans ,NewJeans - Hurt,Lana Del Ray - DId you know that there's a tunnel under Ocean Blvd,No
5/11/2023 23:54:59,Mathematics,Rain sounds,No,YouTube Music,Mother nature,,,No
5/11/2023 23:56:15,Mathematics,"Hip-Hop / Rap, EDM",Sometimes,Spotify,Lil Baby,Sad Songs - Illenium,,
5/11/2023 23:57:56,Engineering,EDM,No,"dude, i aint paying for any of it, so just youtube or mp3 download",martin garrix,Calvin harris & ellie goulding Hardwell remix - Miracle,Martin garrix - Sentio,No
5/11/2023 23:59:49,Mathematics,"Pop, Indie, EDM, K-Pop, Jazz",Sometimes,Spotify,NCT,Sexy Bitch - David Guetta,,No
5/12/2023 0:00:31,Science,"Hip-Hop / Rap, R&B, K-Pop",Yes,Spotify,Drake,Taeyeon - INVU,Drake - Take Care,No
5/12/2023 0:00:48,Science,"Pop, EDM, Rock, Lofi, video game ost",Yes,Spotify,C418,Fifty Fifty - Cupid,C418 - Minecraft Volume Beta,No
5/12/2023 0:02:29,Mathematics,"Hip-Hop / Rap, R&B, Pop, EDM, Lofi",No,Spotify,The Weeknd,Keshi - Somebody,The Weeknd - After Hours,Yes
5/12/2023 0:03:11,Engineering,"K-Pop, Lofi, Anime music",No,Spotify,Twice,FIFTY FIFTY - Cupid,FIFTY FIFTY - The Beginning: Cupid,No
5/12/2023 0:03:21,Engineering,"Pop, Indie, Rock",Yes,Spotify,Red Hot Chilli Peppers,,,No
5/12/2023 0:03:26,Environment,"Hip-Hop / Rap, Indie, Classical, Rock, Jazz, Lofi",Sometimes,Spotify,Cocteau Twins ,"Leonard Bernstein - Adagio for Strings, Op.11",Cocteau Twins - Heaven or Las Vegas ,Yes
5/12/2023 0:03:45,Engineering,"Hip-Hop / Rap, R&B, Lofi",Sometimes,Apple Music,The weeknd ,The weeknd - Die for you ,Jack Harlow - Jackman,No
5/12/2023 0:06:56,Engineering,"K-Pop, Jpop",Yes,Spotify,RADWIMPS,YOASOBI - IDOL,Vaundy - strobo,Yes
5/12/2023 0:09:12,Science,"Rock, Metal",Yes,Spotify,Gojira,Jinjer - I Speak Astronomy,Gojira - L’Enfant Sauvage,Yes
5/12/2023 0:11:58,Engineering,"Pop, EDM",Sometimes,Spotify,Taylor Swift ,Taylor Swift - Would've Could've Should've ,Sasha Sloan - Only Child ,No
5/12/2023 0:15:57,Mathematics,"Hip-Hop / Rap, Pop, EDM, K-Pop, Lofi",Yes,YouTube Music,Bad Bunny,,Wide Eyed - Said The Sky,No
5/12/2023 0:17:29,Mathematics,"Hip-Hop / Rap, R&B, Pop, K-Pop, Mandopop ",Yes,Spotify,,,,Yes
5/12/2023 0:18:46,Science,"Hip-Hop / Rap, R&B, Indie, Country, Lofi",Yes,Spotify,,,,No
5/12/2023 0:19:08,Engineering,"Hip-Hop / Rap, Pop, Indie, Rock",Sometimes,Spotify,Clairo,Beabadoobee - Soren,Kanye - The Life of Pablo,Yes
5/12/2023 0:20:23,Health,"Hip-Hop / Rap, R&B, Pop, EDM, Classical, K-Pop, Rock, Lofi, Bollywood/Kollywood",Yes,Spotify,LE SSERAFIM ,BTS - DDAENG,BTS - Proof,Yes
5/12/2023 0:20:45,Engineering,"Classical, Rock",Sometimes,Pirated music,Fall Out Boy,TK from Ling Tosite Sigure - film A moment,supercell - Zigaexperientia,Yes
5/12/2023 0:20:58,Science,Power Metal,Yes,Spotify,Gloryhammer,Gloryhammer - Keeper of the Celestial Flame of Abernethy,Ascension - Under the Veil of Madness,No
5/12/2023 0:21:37,Mathematics,"Hip-Hop / Rap, R&B, EDM",Sometimes,Apple Music,Frank ocean,Mayonnaise- smashing pumpkins ,Radiohead - OK Computer,Yes
5/12/2023 0:24:16,Engineering,"R&B, Pop, Indie, Classical, Jazz, Afrobeats",Sometimes,Apple Music,Hozier,Olamide - Rock,,Yes
5/12/2023 0:24:48,Science,"Pop, Indie, Rock, Jazz, Lofi",Yes,Spotify,Taylor Swift,,,Yes
5/12/2023 0:26:04,Engineering,"Hip-Hop / Rap, Rock",No,,JPEGMAFIA,JPEGMAFIA - Garbage Pale Kids,JPEGMAFIA - SCARING THE HOES,Yes
5/12/2023 0:27:38,Mathematics,"Hip-Hop / Rap, Pop",Sometimes,Spotify,Ed Sheeran,Ed Sheeran - A team,Ed Sheeran - Divide,No
5/12/2023 0:27:47,Engineering,Classical,,Tidal,Richard Strauss,Richard Strauss - Eine Alpensinfonie,,Yes
5/12/2023 0:27:58,Science,"Hip-Hop / Rap, Indie, EDM, Rock, Lofi",Sometimes,Spotify,Rustage,Daddyphatsnaps - DEATH,Rustage - overflow,No
5/12/2023 0:29:17,Science,"Pop, K-Pop",Yes,Spotify,bts,jisso - flower,bts - the most beautiful moment in life,No
5/12/2023 0:29:28,Science,"Hip-Hop / Rap, Pop, EDM, Video game BGM",Yes,YouTube Music,William black,dreamr - Break My Heart,,No
5/12/2023 0:30:42,Engineering,"EDM, Classical, J-Pop",Yes,YouTube ,Lucas Ricciotti,Tobu - Sunburst,,Yes
5/12/2023 0:35:45,Mathematics,"Hip-Hop / Rap, R&B, Pop, Indie, EDM, Rock",Yes,YouTube Music,J. Cole,Bas & J. Cole - Tribe,Metro Boomin - HEROES & VILLAINS,Yes
5/12/2023 0:37:24,Mathematics,"Hip-Hop / Rap, R&B, Pop, K-Pop",Yes,Spotify,Fivio Foreign,Aespa - Spicy,Le Sserafim - Unforgiven,Yes
5/12/2023 0:37:50,Mathematics,"EDM, Rock, Lofi",Sometimes,Spotify,Weezer,,Weezer - Pinkerton,No
5/12/2023 0:39:04,Mathematics,"Hip-Hop / Rap, R&B, Pop, Country, Lofi",Yes,Spotify,Boogie wit da hoodie,Playboi Carti - place,,Yes
5/12/2023 0:43:11,Mathematics,"Hip-Hop / Rap, R&B, Rock, Lofi",Yes,Spotify,The Weeknd,Natori - Overdose,The Weeknd - After Hours,Yes
5/12/2023 0:45:05,Mathematics,"Indie, Rock",Sometimes,Apple Music,Lorna Shore,Mental Cruelty - Forgotten Kings,Lorna Shore - Immortal ,Yes
5/12/2023 0:45:13,Mathematics,Rock,Yes,Spotify,Billy Joel,Genesis - That's All ,,No
5/12/2023 0:45:34,Mathematics,"Hip-Hop / Rap, EDM, K-Pop, J-Pop",No,Spotify,Dareharu,FELT - Summer Fever,Epik High - Strawberry,No
5/12/2023 0:47:19,Mathematics,"Hip-Hop / Rap, R&B, Pop, Country, Classical, K-Pop",Yes,YouTube Music,fromis_9,fromis_9 - love bomb,iz*one - bloom*iz,Yes
5/12/2023 0:48:26,Mathematics,"Hip-Hop / Rap, Pop, Indie, K-Pop",Yes,Spotify,Hozier,Gang of Youths - Achilles Come Down,Hozier - Hozier,No
5/12/2023 0:48:40,Arts,"Hip-Hop / Rap, Pop, EDM, K-Pop, Lofi, J-Pop",Yes,Spotify,Neovaii,Neovaii - Breathe ,BTS - Love yourself ,No
5/12/2023 0:56:56,Engineering,"Hip-Hop / Rap, R&B, Pop, Indie, Classical",Yes,Spotify,Kid Cudi,,,Yes
5/12/2023 1:01:47,Environment,"Hip-Hop / Rap, Pop, Indie, EDM, K-Pop, Rock, vocaloid, breakcore, glitchcore, heavy metal, hyperpop, j-rock",Sometimes,Spotify,Loli In Early 20s,DJ GYROTTA ZAO - VALERIA BOUNZE,Loli In Early 20s - Quite odd fodder?,No
5/12/2023 1:11:33,Health,"Pop, Indie, Lofi",Sometimes,Spotify,88rising,NIKI - lowkey,Keshi - GABRIEL,No
5/12/2023 1:13:33,Mathematics,"Pop, K-Pop, Soundtracks, instrumentals",Sometimes,Spotify,Angèle,Lorde - Buzzcut Season,Lorde - Pure Heroine,No
5/12/2023 1:14:13,Science,K-Pop,Yes,YouTube Music,Dreamcatcher,Ive - I am,Dreamcatcher - The Tree of Language,No
5/12/2023 1:16:25,Engineering,"EDM, Rock, Jazz, Lofi",Yes,Spotify,,,,No
5/12/2023 1:16:36,Arts,"Pop, K-Pop",Sometimes,Spotify,Red Velvet,NewJeans - OMG,Le Sserafim - Unforgiven,Yes
5/12/2023 1:17:41,Engineering,"Hip-Hop / Rap, K-Pop",Yes,Spotify,Lesserafim,Joji - Like You Do,Playboi Carti - Whole Lotta Red,Yes
5/12/2023 1:17:55,Mathematics,"Hip-Hop / Rap, Pop, Indie, Rock",Sometimes,Spotify,Radiohead,M83 - Midnight City,Carrie and Lowell,No
5/12/2023 1:18:06,Engineering,K-Pop,Sometimes,Spotify,,,,No
5/12/2023 1:19:34,Engineering,"Indie, Country, Rock, Jazz, Metal, j-pop, punk",Yes,Spotify,YOASOBI,The Mowgli'ms - San Francisco ,Aether Realm - Tarot,Yes
5/12/2023 1:21:12,Engineering,"Hip-Hop / Rap, Pop, Indie, Classical, K-Pop, Rock, Jazz, Lofi",Yes,Spotify,Mili,Feather - Nujabes,Mili - To kill a living book,No
5/12/2023 1:21:41,Engineering,"Indie, EDM, Rock",Yes,Spotify,Hybrid Minds,BruC - Clart ,"Arctic Monkeys - Whatever people say I am, that’s what I’m not ",Yes
5/12/2023 1:24:44,Mathematics,"Pop, EDM, Classical, K-Pop",Sometimes,Spotify,,,,Yes
5/12/2023 1:30:33,Engineering,"R&B, Pop, Lofi",Sometimes,Apple Music,,,,No
5/12/2023 1:31:09,Arts,EDM,Yes,Spotify,Pixel Terror,Pixel Terror x Teminite x Chime - Sleepless,,No
5/12/2023 1:31:55,Mathematics,"Pop, Rock, Punk, Folk",Yes,Spotify,Fall Out Boy,Fall Out Boy - Headfirst Slide into Cooperstown on a Bad Bet,Fall Out Boy - So Much (For) Stardust,No
5/12/2023 1:35:34,Arts,"Hip-Hop / Rap, R&B, Indie, K-Pop",Yes,Spotify,BTS,Kyle Dion - I Could Be Your Girlfriend,Jordan Ward - FORWARD,No
5/12/2023 1:35:59,Science,"Pop, Indie, Rock, synth pop, folk",No,Spotify,big thief,Big Thief - Forgotten Eyes,Alex Cameron - Forced Witness,No
5/12/2023 1:36:46,Mathematics,"Hip-Hop / Rap, R&B, Indie, Rock, Jazz",Yes,Spotify,Syrup16g,,Syrup16g - HELL-SEE,No
5/12/2023 1:37:38,Mathematics,"Hip-Hop / Rap, R&B, Pop, Soundtracks/TV & Film Scores",Yes,Spotify,Lana Del Rey,Jorja Smith - Try Me,Lana Del Rey - Did you know that there’s a tunnel under Ocean Blvd?,Yes
5/12/2023 1:45:14,Science,"Rock, Lofi, Metal",Yes,Spotify,Wage War,wage War - Manic,Blind Guardian - Nightfall in Middle Earth,Yes
5/12/2023 1:48:54,Mathematics,"Hip-Hop / Rap, R&B, Indie, EDM, Rock, Jazz, Lofi",Yes,Spotify,Metro boomin,Weston estate - Where do we go ,Metro boomin - heroes and villains ,Yes
5/12/2023 1:49:37,Engineering,"Pop, Jazz",Yes,Pirate,Joker Xue,Joker Xue - Actor,,Yes
5/12/2023 1:52:26,Engineering,"R&B, EDM, Jazz, Thrash, Death Metal, Melodeath, NWOBHM, Neue Deutsche Härte, Power Metal, Folk Metal, Metalcore, Electronicore, Djent",Yes,None,Iron Maiden,Death Angel - Humanicide,Megadeth - Countdown to Extinction,No
5/12/2023 1:53:06,Mathematics,"Rock, Metal",Sometimes,Spotify,Metallica,,Queen - a night at the opera,Yes
5/12/2023 1:55:13,Mathematics,"Pop, Indie, Rock",Yes,Spotify,Nanna,Of Monsters and Men - Empire,Nanna - How To Start A Garden,No
5/12/2023 1:59:34,Health,"Pop, Classical",Yes,Spotify,,,,No
5/12/2023 2:07:47,Mathematics,J-pop,Yes,Spotify,Yorushika,,,No
5/12/2023 2:09:19,Mathematics,"Pop, K-Pop",Sometimes,YouTube Music,Jukjae,Jukjae - Do you want to walk with me,Taylor Swift - Lover,No
5/12/2023 2:23:54,Engineering,"Hip-Hop / Rap, R&B, Pop, K-Pop, Lofi",Yes,Apple Music,Kanye West,Drake - Ice Melts,Frank Ocean - Blonde,No
5/12/2023 2:26:17,Science,"Indie, Rock, Punk and Metal",No,"i dont, mp3s and ripped cds",screaming females,The Tragically Hip - Nautical Disaster,Screaming Females - Desire Pathway,Yes
5/12/2023 2:30:17,Mathematics,"K-Pop, J-pop, AniMusic",Yes,Spotify,Aimer,tota - tsumugu,,No
5/12/2023 2:33:25,Mathematics,Indie,Yes,Spotify,John Frusciante,John Frusciante - My Smile is Rifle,John Frusciante - Niandra Lades and Usually Just a T-shirt,Yes
5/12/2023 2:34:15,Arts,"K-Pop, Rock, Meta",Yes,Spotify,August Burns Red,Loathe- A Sad Cartoon,Have A Nice Life - Deathconsciousness,Yes
5/12/2023 2:35:22,Arts,"EDM, Classical, K-Pop, Lofi",Yes,Spotify,,,,No
5/12/2023 2:43:04,Arts,"Hip-Hop / Rap, Pop, Indie, K-Pop, Rock, Jazz",Sometimes,Spotify,MF DOOM,Flycatcher - Games,Cigarettes After Sex - Cigarettes After Sex ,No
5/12/2023 2:59:00,Mathematics,"Hip-Hop / Rap, R&B, Pop, Indie, Classical, Rock, Jazz",Sometimes,Spotify,Radiohead,Radiohead - Jigsaw Falling into Place,Radiohead - In Rainbows,Yes
5/12/2023 3:02:37,Engineering,"R&B, Pop, Indie, Jazz, Lofi",Yes,Spotify,Jon Bellion,edbl - Cigars,Jon Bellion - The Human Condition,No
5/12/2023 3:03:20,Engineering,"Hip-Hop / Rap, R&B, Pop, K-Pop",Yes,Spotify,newjeans,brb - honeymoon,,No
5/12/2023 3:07:04,Environment,"Pop, Indie, EDM, Rock",Sometimes,Spotify,Lana Del Rey,isaac winemiller - too good to be true,SZA - SOS,Yes
5/12/2023 3:18:38,Mathematics,"Hip-Hop / Rap, R&B, Pop",Yes,Spotify,The Weeknd,The Weeknd - Gasoline,The Weeknd - Dawn FM,Yes
5/12/2023 3:27:08,Mathematics,"Hip-Hop / Rap, Pop, Indie, Rock, Jazz",Yes,Spotify,The Strokes,Gustavo Cerati - Tabu ,Bjork - Post,No
5/12/2023 3:53:08,Mathematics,Video game ost,Sometimes,Youtube,,,,No
5/12/2023 3:56:25,Mathematics,"Pop, Indie, Rock",Sometimes,Spotify,Foo Fighters ,Foo Fighters - Everlong,,No
5/12/2023 3:57:45,Science,"Hip-Hop / Rap, R&B",Sometimes,Spotify,Giveon,Daniel Caesar and Summer Walker - Always,Giveon - Give or Take,No
5/12/2023 4:04:09,Engineering,"Hip-Hop / Rap, R&B, Rock, Jazz",Yes,I store music locally lmao,The Strokes,Vince Staples - The Blues,Fontaines D.C. - Skinty Fia,No
5/12/2023 4:05:07,Mathematics,"Classical, Rock, Metal",Sometimes,Spotify,Motley cruie,Yes - Roundabout ,,No
5/12/2023 4:30:28,Mathematics,"Hip-Hop / Rap, R&B",No,Spotify,Yeat,Yeat - Sum 2 do,Travis Scott - astroworld,No
5/12/2023 4:31:44,Environment,"Pop, Indie, EDM, Rock, Lofi",Yes,Spotify,Daft Punk,,Daft Punk - Random Access Memories,No
5/12/2023 4:40:18,Health,"Hip-Hop / Rap, R&B, Pop, Indie",Yes,Spotify,Pink Pantheress,Metro Boomin and Travis Scott - Trance,Pink Pantheress - to hell with it,Yes
5/12/2023 4:40:38,Engineering,Soundtrack ,Sometimes,Spotify,,,,No
5/12/2023 4:46:42,Mathematics,"Hip-Hop / Rap, R&B, Pop, Indie, EDM, Classical, Rock",Sometimes,Spotify,Carly Rae Jepsen,"Kendrick Lamar - Sing About Me, I’m Dying Of Thirst",Nas - Illmatic,No
5/12/2023 4:48:16,Science,"Classical, Folk",Yes,YouTube Music,Colm mcGuinness,Ed Sheeran - I see fire,Faun - Renaissance,No
5/12/2023 5:09:31,Mathematics,"K-Pop, jpop",Sometimes,Spotify,Ive,,,No
5/12/2023 5:51:46,Arts,"R&B, Indie, Classical",Yes,Spotify,Glass Animals,Glass Animals - Exxus,Lovejoy - Wake Up & Its Over,No
5/12/2023 5:53:04,Science,"Hip-Hop / Rap, R&B, Pop, Indie, Rock, Lofi",Yes,Spotify,The 1975,Lorde - California,The 1975 - Being Funny In A Foreign Language,Yes
5/12/2023 6:06:21,Arts,"Pop, Indie",Yes,Spotify,Declan McKenna ,Sarah and the Sundays - Ruby Fields ,George Ezra - Wanted on a Voyage ,Yes
5/12/2023 6:16:05,Engineering,"R&B, Pop, Indie, Country, Rock",Yes,Spotify,Arctic Monkeys,Arctic Monkeys - Mardy Bum,"Arctic Monkeys - Whatever people say I am, that's what I'm not",No
5/12/2023 6:16:15,Science,"Pop, EDM",Yes,Spotify,,,,No
5/12/2023 6:25:15,Mathematics,"Hip-Hop / Rap, R&B, Pop, Classical, Lofi, Bedroom Pop",Sometimes,Spotify,NIKI,NIKI - Backburner,NIKI - Nicole,Yes
5/12/2023 6:29:06,Engineering,"Indie, Rock",Sometimes,YouTube Music,Bob dylan,Alabama shakes - i found you,The Beatles - Abbey road,Yes
5/12/2023 6:32:51,Mathematics,"Pop, Indie, Rock, Metal",Yes,Spotify,Oingo Boingo,Oingo Boingo - Private Life,System of a Down - Toxicity,Yes
5/12/2023 6:46:55,Engineering,"Pop, Indie, EDM, Lofi",Yes,Spotify,EDEN,EDEN - Call Me Back,Porter Robinson - Nurture,Yes
5/12/2023 6:48:26,Mathematics,"Hip-Hop / Rap, R&B, Pop, K-Pop, J-Pop",Sometimes,Spotify,Kenshi Yonezu,Kenshi Yonezu - Lemon,Kenshi Yonezu - BOOTLEG,No
5/12/2023 6:48:59,Mathematics,"Hip-Hop / Rap, R&B, Pop, Indie",Sometimes,Spotify,Frank Ocean,Frank Ocean - Swim Good,Blond - Frank Ocean,No
5/12/2023 6:49:57,Engineering,"R&B, EDM, Lofi",Yes,YouTube Music,Keshi,Keshi - 2 Soon,Calvin Harris - Motion,No
5/12/2023 7:06:08,Arts,"Pop, K-Pop, Lofi, J-Pop",Yes,Spotify,Yoasobi,Yoasobi - Idol,,No
5/12/2023 7:07:40,Arts,"R&B, Pop, Country, Classical, K-Pop, Rock, Jazz",Sometimes,Spotify,,,,No
5/12/2023 7:23:25,Engineering,"Pop, Indie, Rock",Sometimes,Spotify,Ed sheeran,Fun. - carry on,Ed sheeran - divide,No
5/12/2023 7:24:48,Engineering,"Pop, Indie, Rock",Yes,Spotify,Phoebe Bridgers ,Phoebe Bridgers - Graceland Too,Taylor Swift - Evermore,No
5/12/2023 7:25:33,Science,"R&B, Pop, K-Pop, Lofi",Sometimes,Spotify,,,,No
5/12/2023 7:27:23,Science,"Pop, Lofi, J-Pop",No,,,,,No
5/12/2023 7:37:34,Engineering,"Pop, Indie, Classical, Opera ",Sometimes,YouTube Music,Lorde,Tame Impala - The Less I Know the Better ,Lorde - Pure Heroin,Yes
5/12/2023 7:47:58,Engineering,"Hip-Hop / Rap, R&B, Pop",Sometimes,Spotify,The weeknd ,The Weekend - Double Fantasy,Lana del ray - Did You Know That There's a Tunnel Under Ocean Blvd,No
5/12/2023 8:00:17,Environment,"Pop, Rock",Yes,Spotify,Oasis,Oasis - Some Might Say,Oasis - (What’s the Story) Morning Glory?,No
5/12/2023 8:12:52,Arts,"Hip-Hop / Rap, R&B, Pop, Indie, Rock, Lofi",Sometimes,Apple Music,,,,Yes
5/12/2023 8:14:31,Mathematics,Hip-Hop / Rap,Sometimes,Apple Music,Nas,Nas - The Art of It,Nas - Illmatic,No
5/12/2023 8:19:05,Engineering,"R&B, Pop, Indie, K-Pop",Yes,Spotify,back number,NCT DREAM - Candy,Agust D - D2,Yes
5/12/2023 8:20:14,Mathematics,"R&B, Pop, Indie, EDM, K-Pop, Jazz, Lofi",Yes,Spotify,Kanye West ,Kanye West - Diamonds From Sierra Leone,Kanye West - Late Registration,No
5/12/2023 8:23:45,Mathematics,"Hip-Hop / Rap, R&B, Pop, Classical, Rock, Jazz, house ",Yes,YouTube Music,modjo,Modjo - Lady,,Yes
5/12/2023 8:28:12,Mathematics,"Hip-Hop / Rap, Pop, Country, EDM",No,Spotify,Drake,Sza - Kill Bill,Pink Floyd - Dark Side of the Moon,No
5/12/2023 8:31:31,Mathematics,Alternative. Surf. Folk. 80s. Power pop. Punk. Reggae. Ska.,Yes,None. CDs. LPs. MP3s.,The Stranglers,Smiths - How Soon is Now,Beatles - Revolver,Yes
5/12/2023 8:32:06,Engineering,"Indie, EDM, Rock, Lofi",Yes,Spotify,Radiohead,,Radiohead - In Rainbows,Yes
5/12/2023 8:33:43,Engineering,"EDM, Rock, vgm",Sometimes,Spotify,,,,Yes
5/12/2023 8:33:56,Arts,Bollywood,Yes,Spotify,AP Dhillon,AP Dhillon - Excuses,,No
5/12/2023 8:34:20,Engineering,"Hip-Hop / Rap, Pop, Indie, Rock, Lofi",Sometimes,Spotify,Radiohead,Radiohead - The Daily Mail,Radiohead - OK Computer,No
5/12/2023 8:36:43,Arts,"Indie, EDM",No,YouTube Music,,,,Yes
5/12/2023 8:38:37,Engineering,"Pop, Rock",Sometimes,Spotify,Bastille ,Bastille - Shut off the lights,Bastille - Give me the future ,Yes
5/12/2023 8:42:26,Mathematics,"Hip-Hop / Rap, Pop, Lofi",Sometimes,Spotify,Jay Z,Justin Timberlake - 4 Minutes,,No
5/12/2023 8:43:45,Mathematics,"Pop, K-Pop, Rock, Lofi, Metal",Sometimes,Spotify,Sabaton ,,,No
5/12/2023 8:50:30,Science,Metal,Sometimes,"None, I own DRM free music",Gojira,Gojira - Oroborus,Vektor - Terminal Redux,Yes
5/12/2023 8:50:34,Science,"Hip-Hop / Rap, R&B, Afrobeats",Yes,Spotify,Burna Boy,Burna Boy - Gbona,"Love, Damini",Yes
5/12/2023 8:54:25,Engineering,Hip-Hop / Rap,Sometimes,Spotify,Dave,"Nines, Clavish, Nafe Smallz - Different League",Dave - We're All Alone in This Together,No
5/12/2023 8:55:11,Mathematics,"Pop, Classical, Rock",Sometimes,Spotify,,,,No
5/12/2023 8:57:28,Health,"Hip-Hop / Rap, R&B, Pop, Indie, Country, EDM, Lofi",Sometimes,Spotify,,,,No
5/12/2023 8:58:28,Arts,Pop,Sometimes,Spotify,,,,Yes
5/12/2023 9:02:52,Environment,"Pop, Indie, EDM, K-Pop, Rock",Yes,Spotify,Hemlocke Springs,Teen Ravine - Friend of a Friend,The Aces - Volcanic Love,No
5/12/2023 9:04:16,Mathematics,"R&B, Pop, Indie, EDM",No,Spotify,Fells,Midnight Kids - Out of Time ,ILLENIUM - ILLENIUM,Yes
5/12/2023 9:04:36,Mathematics,"Pop, Indie, Rock, Lofi",Yes,YouTube Music,Porter Robinson,JAWNY - Adios,Bowling For Soup - A Hangover You Don't Deserve,No
5/12/2023 9:05:00,Mathematics,"Hip-Hop / Rap, Pop, Classical, Jazz, Lofi",Sometimes,Spotify,,,,No
5/12/2023 9:10:06,Engineering,"Hip-Hop / Rap, Pop, Indie, Country, Classical, Rock, Jazz",Yes,Spotify,Eagles,Eagles - Lyin' Eyes,The Strokes - The New Abnormal,Yes
5/12/2023 9:11:45,Engineering,"R&B, K-Pop, Lofi",Yes,Spotify,BTS,"Le sserafim - Eve, Psyche & the Bluebeard's wife",SUGA - DDay,Yes
5/12/2023 9:12:59,Engineering,"Hip-Hop / Rap, Rock, Alternative Rock ",Sometimes,Spotify,Linkin Park ,Linkin Park - Lost,Linkin Park - Hybrid Theory ,Yes
5/12/2023 9:13:58,Engineering,"Hip-Hop / Rap, Pop, K-Pop",Yes,Spotify,"Tyler, The Creator",Yebba - Far Away,"Tyler, The Creator - CALL ME IF YOU GET LOST",No
5/12/2023 9:14:23,Mathematics,"Hip-Hop / Rap, R&B, Pop, Indie, K-Pop, Lofi",Yes,Spotify,Chris james,Chris James - OH!,,No
5/12/2023 9:20:04,Mathematics,"Pop, K-Pop, Jazz",Sometimes,Spotify,Lydia Ganada,,,No
5/12/2023 9:22:38,Science,"Pop, K-Pop",No,YouTube Music,,,,No
5/12/2023 9:26:04,Engineering,"Hip-Hop / Rap, R&B, Pop, Indie, Rock",Sometimes,Spotify,Taylor Swift,Joywave - Traveling at the Speed of Light,Taylor Swift - Speak Now,No
5/12/2023 9:29:12,Engineering,"Hip-Hop / Rap, R&B, Pop, Indie, Country",Sometimes,Apple Music,,,,No
5/12/2023 9:29:14,Arts,"R&B, Country, Lofi",No,YouTube Music,,,,Yes
5/12/2023 9:34:44,Environment,"Pop, Indie, Rock",Yes,Spotify,blink-182,The Killers - Mr. Brightside,Weezer - Pinkerton,No
5/12/2023 9:35:32,Mathematics,"Hip-Hop / Rap, Pop, Indie, Country, EDM, Classical, Rock",Yes,Spotify,,,,No
5/12/2023 9:40:43,Arts,"Pop, Indie, Rock, Alternative",Yes,Spotify,Glass Animals,Blackbear - dead inside,Glass Animals - Dreamland,No
5/12/2023 9:41:33,Science,"Hip-Hop / Rap, R&B, Pop, Indie, Country, K-Pop, Rock, Jazz, Lofi",Yes,Spotify,,,,Yes
5/12/2023 9:42:51,Arts,"Indie, EDM, Rock",Sometimes,Spotify,They Might Be Giants,Sweat - Oingo Boingo,Oingo Boingo - Good For Your Soul,Yes
5/12/2023 9:47:30,Arts,"Classical, K-Pop, Musicals",Sometimes,Spotify,Seventeen,Seventeen - Super,,No
5/12/2023 9:48:15,Mathematics,"Indie, Classical, Metal",Sometimes,Spotify,,,,No
5/12/2023 9:48:17,Engineering,"Hip-Hop / Rap, R&B, Pop, Indie, Classical, K-Pop, Jazz, Lofi",Yes,Spotify,,,,No
5/12/2023 9:53:24,Engineering,Rock,No,Spotify,Toto,,Rush - 2112 ,No
5/12/2023 9:56:57,Engineering,"Hip-Hop / Rap, R&B",Yes,Spotify,,,,Yes
5/12/2023 10:01:07,Mathematics,"Hip-Hop / Rap, Rock, Jazz",Sometimes,Spotify,billy woods,billy woods - Remorseless,Navy Blue - Ways of Knowing,Yes
5/12/2023 10:01:47,Mathematics,"Hip-Hop / Rap, R&B, Pop, EDM, Rock",Sometimes,Spotify,Saint Jhn,Angus & Julia Stone - A Heartbreak ,Common - Be,Yes
5/12/2023 10:08:38,Mathematics,"Hip-Hop / Rap, Indie, EDM, Classical, Rock",Sometimes,Spotify,Arctic monkeys,Analog batalon - zserbóglopp,Arctic monkeys - Favourite worst nightmare ,No
5/12/2023 10:10:49,Mathematics,Classical,Yes,Downloaded music,Edvard Grieg,Edvard Grieg - Cello Sonata in A Minor,Hilary Hahn - Eclipse,No
5/12/2023 10:18:29,Science,"Rock, Metal",Yes,Spotify,Dream Theatre,Dream Theatre - Metropolis Part I: “The Miracle and The Sleeper”,Dream Theatre - Metropolis Pt. 2: Scenes from a Memory ,No
5/12/2023 10:20:17,Mathematics,"Hip-Hop / Rap, R&B, Classical, Jazz, Lofi",Sometimes,Spotify,,,,No
5/12/2023 10:24:01,Engineering,"R&B, Pop, Indie, Rock, Jazz",Sometimes,Spotify,Alvvays,Courtney Barnett - Avant Gardener,Alvvays - Blue Rev,No
5/12/2023 10:25:00,Mathematics,Rock,No,Apple Music,,,,No
5/12/2023 10:26:30,Arts,"Hip-Hop / Rap, R&B",Sometimes,Spotify,Drake and Central Cee,The Game - Red Nation,Eminem - Recovery,No
5/12/2023 10:36:44,Engineering,K-Pop,Sometimes,Spotify,Itzy,Momoland - Bboom bboom,,No
5/12/2023 10:38:52,Environment,"Hip-Hop / Rap, Indie, Folk",Yes,Spotify,Weyes Blood,Jpegmafia - Steppa Pig,"Weyes Blood - And In The Darkness, Hearts Aglow",No
5/12/2023 10:47:10,Engineering,"Hip-Hop / Rap, EDM, Classical, Rock, Lofi, J-pop",Sometimes,Spotify,Minami,Minami - Hollowness,Tomppabeats - Harbor,Yes
5/12/2023 10:53:59,Engineering,"Pop, Indie, Rock",Sometimes,Spotify,Alvvays,Alvvays - Belinda Says,Alvvays - Blue Rev,Yes
5/12/2023 10:55:47,Mathematics,"Hip-Hop / Rap, R&B, Indie",Yes,Spotify,Isaiah Rashad,Chief Keef - Bitch Where,Smino - Luv 4 Rent,No
5/12/2023 11:02:48,Mathematics,"Hip-Hop / Rap, Pop, EDM, K-Pop, Rock, Jazz, Lofi",Yes,Spotify,Kessoku Band,DAZBEE - Bambi,Kessoku Band - Kessoku Band,No
5/12/2023 11:04:35,Engineering,"Indie, Jazz, Lofi",Yes,Spotify,That band Honey.,Paramore - Caught in the Middle,Janelle Marie Serote - xoxo,No
5/12/2023 11:05:04,Mathematics,"Hip-Hop / Rap, R&B, Jazz",Yes,Spotify,Kanye West,Ghostface killah - here i go again,,No
5/12/2023 11:07:23,Mathematics,"Hip-Hop / Rap, R&B, Pop, Indie, EDM",Sometimes,Spotify,6lack,Young Thug- Sin,Metro Boomin- Not all heroes wear capes,Yes
5/12/2023 11:11:56,Engineering,"Hip-Hop / Rap, R&B, Pop",Sometimes,Spotify,Erykah badu,On & on - Erykah badu,,No
5/12/2023 11:15:54,Science,Classical,Sometimes,YouTube Music,Beethoven,Beethoven - symphony no. 7,Christopher Tin - Calling all Dawns,Yes
5/12/2023 11:17:26,Arts,"Hip-Hop / Rap, R&B, Pop, Indie, Classical, Jazz, Lofi, War music",Sometimes,Spotify,Biagio Farina,,,No
5/12/2023 11:28:39,Science,Pop,No,Spotify,Harry styles ,Ewan Mcgregor and Nicole Kidman - Come What May,Harry styles - Harry styles,Yes
5/12/2023 11:32:42,Engineering,"Hip-Hop / Rap, Pop, EDM, Jazz, Lofi",Sometimes,Spotify,Illenium,Lil Baby - Low Down,Illenium - Awake,No
5/12/2023 11:35:32,Engineering,"Indie, Country",Yes,Spotify,The Lumineers,The Lumineers - Walls,The Lumineers - Cleopatra,Yes
5/12/2023 11:51:58,Engineering,"Rock, Jazz",Yes,Spotify,The Strokes,Sungazer - Macchina,The Strokes - The New Abnormal,Yes
5/12/2023 11:52:15,Mathematics,"Hip-Hop / Rap, R&B, Country, Classical, Jazz",Sometimes,Apple Music,Mac Miller,Mac Miller - Colors and Shapes,Mac Miller - Circles,Yes
5/12/2023 11:55:23,Environment,"Hip-Hop / Rap, R&B, Pop, Indie",Yes,Spotify,RPT MCK,RPT MCK - Thoi Em Dung Di,RPT MCK - 99%,Yes
5/12/2023 11:57:36,Mathematics,"EDM, ",Yes,YouTube Music,Armin van Buuren,Above & Beyond - Sun & Moon,BT - The Lost Art of Longing,No
5/12/2023 11:58:46,Mathematics,EDM,Yes,YouTube Music,deadmau5,Above & Beyond vs. Armin van Buuren - Show Me Love,,No
5/12/2023 12:06:42,Mathematics,"EDM, Classical, K-Pop, Lofi, Orchestral, video game soundtracks, J-pop",Sometimes,Spotify,Thomas Bergersen,Natori - Overdose,Thomas Bergersen - Humanity Chapter V,No
5/12/2023 12:10:31,Environment,"R&B, Pop",Sometimes,Spotify,,,,
5/12/2023 12:20:04,Mathematics,J-Pop,Sometimes,,Nanahira,,,No
5/12/2023 12:22:52,Mathematics,"Hip-Hop / Rap, R&B, Pop, Indie",Yes,Apple Music,Tame Impala,Thundercat & Tame Impala - No More Lies,Vince Staples - RAMONA PARK BROKE MY HEART,No
5/12/2023 12:24:37,Mathematics,"EDM, Classical, Rock",No,Spotify,Frederic Chopin,Chopin - Ballade no.4,Daft Punk - Random Access Memories,Yes
5/12/2023 12:26:04,Mathematics,"Indie, EDM, Rock, Lofi, Sytnthwave",Yes,Spotify,Young the Giant,Two Door Cinema Club - Sun,Khalid - American Teen,No
5/12/2023 12:26:47,Arts,"R&B, Pop, K-Pop, Jazz, Lofi",Sometimes,,Maye,Saint Motel - My Type,,No
5/12/2023 12:29:27,Mathematics,"R&B, Pop, Indie, K-Pop, Jazz, Jpop",Yes,Spotify,Fujii Kaze,,,No
5/12/2023 12:35:32,Engineering,"K-Pop, Rock",Yes,Spotify,,,,No
5/12/2023 12:39:52,Mathematics,"Hip-Hop / Rap, R&B, Pop, K-Pop, Lofi",Yes,Spotify,Joji,Joji - 777,TWICE - READY TO BE,Yes
5/12/2023 12:51:19,Engineering,"Hip-Hop / Rap, Pop, EDM, Classical, K-Pop, Lofi, Future Bass",Yes,Spotify,Miraie,蒋小呢 - for ya,Drake - Certified Lover Boy,No
5/12/2023 12:51:37,Engineering,"Indie, Classical, Rock",Sometimes,pirated mp3s,,,,Yes
5/12/2023 13:03:37,Mathematics,"Hip-Hop / Rap, Pop, Indie, EDM, K-Pop, Rock, Lofi",Yes,Spotify,Reliqa,Venjent - R u gonna move,Saint motel - saintmotelevision,No
5/12/2023 13:04:28,Mathematics,"Hip-Hop / Rap, Pop, Indie, EDM, K-Pop, Rock",Sometimes,Spotify,Death Grips,Death Grips - Beware,Mac Demarco - 2,No
5/12/2023 13:07:13,Science,"Indie, EDM, Rock",Yes,I don't really use any of the above. Just torrent mp3s for the most part,Billy Talent,I Am Water - July Talk,Metric - Formentera,Yes
5/12/2023 13:08:12,Engineering,"Hip-Hop / Rap, Pop, Indie, Classical, Rock",Yes,Spotify,,,,No
5/12/2023 13:11:00,Science,"Hip-Hop / Rap, Pop, Indie, K-Pop",Sometimes,Spotify,PVRIS,PVRIS - Stay Gold,,No
5/12/2023 13:11:42,Science,"Pop, Indie, EDM, Lofi",Yes,Spotify,Porter Robinson ,Lionhearted - Porter Robinson ,Glass Animals - ZABA,Yes
5/12/2023 13:11:55,Engineering,R&B,No,Spotify,Brent Faiyaz,Rolling Stone - Brent faiyaz ,Brent Faiayaz - Wasteland,Yes
5/12/2023 13:13:08,Science,"Hip-Hop / Rap, R&B, Pop",Sometimes,Spotify,,,,No
5/12/2023 13:13:32,Mathematics,"R&B, Pop",Yes,Spotify,Keshi,Keshi - Angel,Brakence - Hypochondriac,Yes
5/12/2023 13:14:12,Arts,"R&B, Pop, K-Pop, Rock, Jazz, Lofi",Yes,Spotify,Aweigh,Keshi - Bandaids,Taylor Swift - Evermore,Yes
5/12/2023 13:14:17,Arts,"Hip-Hop / Rap, Pop, Indie, EDM, Rock, metal, whatever king gizzard and the lizard wizard are",Yes,Spotify,rammstein,käärijä - cha cha cha,rammstein - rammstein,No
5/12/2023 13:15:44,Mathematics,"Pop, Indie, Classical, Rock, Prog Rock",Yes,Spotify,Bastille,Bastille - Family Ties,Lonely Robot - Please Come Home,Yes
5/12/2023 13:16:09,Environment,"Hip-Hop / Rap, Indie, Rock, ",Yes,Spotify,Still Woozy,Saya Gray - SHALLOW,"Still Woozy - If this isn't nice, I don't know what is",Yes
5/12/2023 13:17:29,Engineering,"Hip-Hop / Rap, R&B, Pop, EDM, K-Pop, Lofi",No,YouTube Music,BTS,BTS - Fake Love,,Yes
5/12/2023 13:19:05,Health,"R&B, Pop, Rock",Yes,Spotify,Nirvana,Billy Joel - Movin' Out,Radiohead - In Rainbows,Yes
5/12/2023 13:22:55,Arts,"Hip-Hop / Rap, R&B, Indie, Jazz, Lofi",Sometimes,Spotify,Hiatus Kaiyote,Yussef Dayes - For My Ladies,Tyler the Creator - Flower Boy,Yes
5/12/2023 13:25:21,Environment,"Indie, Classical",Yes,YouTube Music,Half Alive,"Franz Liszt - S.140, Études d'exécution transcendante d'après Paganini (Petrov)","Half Alive - Now, Not Yet",Yes
5/12/2023 13:25:27,Mathematics,"Hip-Hop / Rap, R&B, Pop",Sometimes,Apple Music,,,,
5/12/2023 13:26:17,Engineering,"Hip-Hop / Rap, R&B, Pop, K-Pop, Lofi, Both english and korean r&b",Sometimes,Spotify,BIBI,fifty fifty - cupid,BIBI - Lowlife princess: noir,No
5/12/2023 13:37:20,Mathematics,"Hip-Hop / Rap, R&B, Pop, Indie, Classical, K-Pop",Sometimes,YouTube Music,,,,No
5/12/2023 13:38:49,Science,"Pop, Indie, Rock",Sometimes,Spotify,The Who,The Who - Won't Get Fooled Again ,Lovejoy - Wake Up & It's Over,No
5/12/2023 13:38:52,Science,"Rock, metalcore/deathcore/metal",Yes,Spotify,architects ,cardinal - marionette ,,Yes
5/12/2023 13:39:02,Mathematics,"R&B, Pop, Indie, K-Pop, Rock, Lofi",Sometimes,QQ music,BTS,XG - Shooting Star,DPR IAN - Moodswings in to order,Yes
5/12/2023 13:45:54,Mathematics,"R&B, Pop, Rock, Jazz",Yes,YouTube Music,Porcupine Tree,David Tao - Do I Do I,Slipknot - Vol. 3: (The Subliminal Verses),Yes
5/12/2023 13:47:06,Engineering,Pop,No,Spotify,,,,Yes
5/12/2023 13:52:07,Mathematics,"Hip-Hop / Rap, Jazz, Lofi, Bollywood, Retro Bollywood ",Sometimes,Spotify,The Weeknd,"Rema, Selena Gomez - Calm Down",Pritam - Brahmastra,No
5/12/2023 13:52:26,Engineering,"Country, Rock",Yes,Spotify,,,,
5/12/2023 13:52:29,Health,"Pop, Indie, Country",Yes,Spotify,Zach Bryan,NIKI - The Apartment We Won’t Share,Zach Bryan - American Heartbreak,Yes
5/12/2023 13:53:17,Science,"Hip-Hop / Rap, R&B, Rock",Yes,Spotify,,,,
5/12/2023 13:57:31,Mathematics,"Hip-Hop / Rap, R&B, Pop, Indie, Classical, Lofi",Yes,Spotify,Dominic Fike,NIKI - High School in Jakarta,Dominic Fike - What Could Possibly Go Wrong,Yes
5/12/2023 13:59:16,Engineering,Pop,Yes,Spotify,lewis capaldi,lewis capaldi - how i’m feeling now,lewis capaldi - wish you the best,No
5/12/2023 14:01:53,Engineering,"Hip-Hop / Rap, R&B, Pop, EDM, Rock",Yes,Spotify,Khalid,Khalid - Location,Biggie Smalls - Life after Death,No
5/12/2023 14:04:31,Mathematics,"Hip-Hop / Rap, R&B, EDM, Classical, K-Pop, Jazz",Yes,Apple Music,ryusen,laur - collapse,laur - collapse,Yes
5/12/2023 14:06:19,Mathematics,"Pop, EDM, K-Pop, Lofi",Yes,YouTube Music,,FIFTY FIFTY - Cupid,,No
5/12/2023 14:06:30,Engineering,"Hip-Hop / Rap, Indie, K-Pop, Rock",Yes,Spotify,,,,No
5/12/2023 14:07:37,Engineering,"Rock, Jazz, Punk",Yes,Spotify,Sum 41,Mad caddies - all American badass,Sum 41 - chuck,Yes
5/12/2023 14:07:39,Science,"Hip-Hop / Rap, R&B, Pop, Indie",Sometimes,Spotify,The Weeknd,The Weeknd - Moth to a Flame,The Weeknd - Dawn FM,No
5/12/2023 14:09:10,Arts,"Hip-Hop / Rap, R&B, Pop, Indie, Classical, K-Pop, Rock, Jazz, Lofi, Punjabi, Arab, Latin",Sometimes,Spotify,Wave to Earth,Wave to Earth - Nouvelle Vague,,No
5/12/2023 14:12:26,Arts,"Hip-Hop / Rap, R&B, Pop, Rock",Sometimes,Spotify,The Tragically Hip,"Sam Smith, Koffee - Gimme",Clairo - Immunity,No
5/12/2023 14:13:13,Science,"Hip-Hop / Rap, Pop, EDM, K-Pop, Rock, Lofi",Sometimes,Spotify,blackbear,blackbear - idgaf,Bazzi - Infinite Dream,No
5/12/2023 14:14:42,Science,"Hip-Hop / Rap, R&B, Pop, Indie, Country, Classical, Rock, Jazz, Lofi, folk acoustic",Yes,Spotify,cigarettes after sex,Noah Kahan - The View Between Villages ,Taylor Swift - Reputation,Yes
5/12/2023 14:17:18,Mathematics,"Pop, Indie, Country",Yes,Spotify,TAYLOR SWIFT,Taylor Swift - this is me trying,Taylor Swift - folklore,Yes
5/12/2023 14:21:10,Engineering,"Hip-Hop / Rap, R&B, Pop, Classical, K-Pop, Rock, Bollywood",Yes,Spotify,Nicki Minaj,Eminem - Love the way you lie,Andrew Llyod Webber - The Phantom of the Opera,No
5/12/2023 14:23:13,Science,JPOP,Sometimes,Spotify,Yorushika,Yorushika - Shayou (setting sun),Yorushika - That's Why I Gave Up on Music ,Yes
5/12/2023 14:24:29,Science,"Hip-Hop / Rap, R&B, Pop, Indie",Sometimes,Spotify,Taylor Swift,Noah Cyrus - Everybody needs someone,Stromae - Multitude,Yes
5/12/2023 14:25:53,Engineering,"EDM, K-Pop",Sometimes,Spotify,Illenium,Seven Lions - Calling You Home,Dabin - Between Broken,Yes
5/12/2023 14:36:29,Engineering,"R&B, Pop, Indie, K-Pop, Lofi",Yes,Spotify,Stray Kids,Kairo - Can you love me tonight,,Yes
5/12/2023 14:39:15,Mathematics,"Hip-Hop / Rap, R&B, Pop, Indie, Jazz, Lofi",Sometimes,YouTube Music,Alex G,Alex G - Advice,Charli XCX - Crash,No
5/12/2023 14:46:48,Mathematics,"R&B, Pop, Country",Sometimes,Spotify,One direction,Olivia rodrigo - deja vu,One direction - four,No
5/12/2023 14:47:56,Environment,"Indie, K-Pop, Rock, Vocaloid",Sometimes,Spotify,Mindless self indulgence,I hate myself because - i feel bad,Mindelss self indulgence - If,Yes
5/12/2023 14:48:34,Arts,"Hip-Hop / Rap, Pop",Sometimes,Spotify,Megan thee Stallion,Megan thee stallion - NDA,Beyonce - Renaissance,No
5/12/2023 15:04:28,Science,"Classical, Rock, Jazz",Yes,Spotify,,,,
5/12/2023 15:05:56,Engineering,"Indie, Classical, Russian post punk",Sometimes,Spotify,Molchat Doma,,Beach house - Bloom,No
5/12/2023 15:09:15,Mathematics,"Hip-Hop / Rap, Pop, Indie, Rock",Yes,Spotify,Los Campesinos!,Flight Patterns - if ur leffen then im chillindude,glass beach - the first glass beach album,Yes
5/12/2023 15:13:15,Engineering,"Hip-Hop / Rap, Pop, Indie, Rock, Lofi",Yes,Spotify,Kevin Walkman,"Atwood, Kyaru - SRT",Kevin Walkman - Thank You For Coming,No
5/12/2023 15:16:00,Mathematics,"Hip-Hop / Rap, Pop, Indie, Rock",Yes,Spotify,The Flaming Lips,Laura Les - Haunted,Kara Jackson - Why Does the Earth Give Us People to Love?,No
5/12/2023 15:16:29,Engineering,"Pop, Indie, Rock",Yes,Spotify,Glaive,ericdoa (ft. Glaive) - fantasize,Conan Gray - Kid Krow,No
5/12/2023 15:16:29,Engineering,"Pop, EDM, Rock",Yes,Spotify,Oasis,Oasis - Don’t look back in anger ,,No
5/12/2023 15:23:38,Mathematics,"Hip-Hop / Rap, Pop, Indie, K-Pop",Sometimes,Spotify,eden,aries - snake eyes,eden - icymi,Yes
5/12/2023 15:24:01,Engineering,"Hip-Hop / Rap, Pop",No,Spotify,,,,No
5/12/2023 15:28:07,Mathematics,"Hip-Hop / Rap, R&B, Pop, Indie, EDM, Rock, Jazz",Yes,Spotify,Yves Tumor,Daft Punk - Infinity Repeating ,Daniel Caesar - Never Enough,Yes
5/12/2023 15:30:57,Environment,"Indie, Rock, Folk",Yes,Spotify,Samia,Samia - Big Wheel,Samia - The Baby,No
5/12/2023 15:37:36,Mathematics,"R&B, Pop, EDM, Classical, K-Pop, Piano covers",Yes,Spotify,Kep1er,Kep1er - Back to the city,Fifty Fifty - The Beginning: Cupid,Yes
5/12/2023 15:57:57,Mathematics,"Hip-Hop / Rap, K-Pop",No,Spotify,STAYC,STAYC - LOVE FOOL,Denzel Curry - Melt My Eyez See Your Future,No
5/12/2023 15:59:28,Science,"R&B, Pop, EDM",No,Spotify,,,,Yes
5/12/2023 16:03:36,Engineering,"Hip-Hop / Rap, R&B, Indie, Jazz, Funk",Sometimes,Spotify,Caamp ,Stephen Sanchez- Evangeline,,Yes
5/12/2023 16:04:24,Mathematics,"Indie, Lofi",Yes,Spotify,Dodie,Dodie - Hot Mess,Dodie - Hot Mess,Yes
5/12/2023 16:05:11,Engineering,"Classical, Jazz, Lofi",Yes,Spotify,,,,Yes
5/12/2023 16:09:33,Engineering,"Hip-Hop / Rap, Pop, Indie, EDM, Rock, IDM, Ambient, Techno, Art Pop, Art Rock, Noise Rock",Yes,Spotify,jane remover,bruiser and bicycle - 1000 engines,"Caroline Polachek - Desire, I want to turn into you",Yes
5/12/2023 16:17:52,Engineering,"Hip-Hop / Rap, EDM",Yes,Spotify,,,,No
5/12/2023 16:26:29,Mathematics,"Pop, Country, Rock",Yes,Apple Music,,,,Yes
5/12/2023 16:33:43,Arts,"Hip-Hop / Rap, R&B, Pop, Indie",Yes,Spotify,,,,Yes
5/12/2023 16:33:46,Engineering,"Pop, K-Pop",Sometimes,Spotify,,,,
5/12/2023 16:43:01,Engineering,"Classical, Rock",Sometimes,Spotify,Foo Fighters,The Police - can't stand losing you,Queen - night at the opera ,No
5/12/2023 16:43:31,Mathematics,"Pop, C-Pop",Yes,Spotify,Dodie,,,Yes
5/12/2023 16:43:35,Arts,"Hip-Hop / Rap, R&B, EDM, Jazz",Yes,Spotify,Nujabes,Daft Punk - Face to Face,Nujabes - Modal soul,No
5/12/2023 16:44:47,Mathematics,"Pop, Rock, Folk",Yes,None/CDs,The Band,The Band - Up On Cripple Creek,The Band - The Band,No
5/12/2023 16:54:21,Science,"Hip-Hop / Rap, Pop, Indie, K-Pop, Lofi",Yes,Spotify,Grandson,DWLLRS - Blue Spirits,MARINA - Electra Heart,No
5/12/2023 16:55:15,Engineering,"Hip-Hop / Rap, R&B, Pop",Yes,Spotify,,,,No
5/12/2023 17:16:10,Engineering,"Indie, Rock, Alternative",No,Apple Music,Hozier,"The strokes - Call it fate, call it karma",Boygenius - the record ,Yes
5/12/2023 17:44:13,Arts,"Hip-Hop / Rap, Pop, Country, EDM, Lofi",Yes,Spotify,Young Thug,Post Malone - Chemical,Polo G - Die a Legend,No
5/12/2023 17:44:22,Engineering,"Pop, EDM, Classical",Sometimes,Meowy player ,Egoist ,Egoist - Planetes ,,No
5/12/2023 17:55:58,Science,"Hip-Hop / Rap, Pop, EDM, Jazz, Lofi, Jpop",Sometimes,Spotify,KLOUD,Sui Uzi - Feel Me,Joji - SMITHEREENS,No
5/12/2023 18:00:36,Mathematics,Chinese,Yes,Spotify,JJ Lin,,,No
5/12/2023 18:02:23,Arts,"Hip-Hop / Rap, Pop, Indie, Classical, Rock",Sometimes,Spotify,Tame Impala,,,No
5/12/2023 18:11:16,Mathematics,metal,No,Apple Music,Obituary,,,Yes
5/12/2023 18:27:03,Engineering,"Hip-Hop / Rap, EDM, Lofi, Phonk",Yes,Spotify,,,,No
5/12/2023 18:37:00,Mathematics,"Hip-Hop / Rap, R&B, Indie",Yes,Spotify,Sonder,Logic - Wake up,Sonder - what you heard,No
5/12/2023 18:37:22,Arts,"R&B, Pop, Country, EDM, K-Pop",Yes,Spotify,NewJeans,Clinton Kane - Mexico,,No
5/12/2023 18:38:42,Mathematics,"Hip-Hop / Rap, R&B, Pop, Indie, Country, K-Pop, Lofi, C-Pop",Sometimes,Spotify,Lana Del Rey,Lorde - The Louvre,Lizzy McAlpine - Five Seconds Flat,No
5/12/2023 18:40:02,Arts,"Pop, Indie, EDM, Classical, K-Pop, Lofi",Sometimes,Spotify,COIN,Fiji Blue - Waves,Valley - Last Birthday ,Yes
5/12/2023 18:41:47,Mathematics,"Hip-Hop / Rap, Indie, Country, Classical, Rock",Yes,Spotify,The New Pornographers,Sleigh Bells - Crown on the Ground,Dry Cleaning - New Long Leg,Yes
5/12/2023 18:43:35,Engineering,"Indie, EDM, Classical",Yes,Spotify,Mili,Mili - Between Two Worlds,Ethan Bortnick - the last laugh,No
5/12/2023 18:49:59,Environment,"Hip-Hop / Rap, Pop, K-Pop, Mostly 2000s with some early- mid 2010s",Yes,Spotify,Rihanna,Rihanna - Don't Stop the Music,Lady Gaga - The Fame,Yes
5/12/2023 18:50:56,Science,"Hip-Hop / Rap, Indie, Rock, Jazz",Sometimes,Apple Music,Fleetwood Mac,Kendrick Lamar - Wesley’s Theory,Fleetwood Mac - Tusk,Yes
5/12/2023 18:53:06,Science,"Indie, Rock, Stuff from 80's - 90's mostly",Sometimes,Spotify,Blur,Lana Del Rey - Doin' Time ,Blur - Blur,Yes
5/12/2023 18:56:16,Science,"Indie, art pop",Sometimes,Spotify,arca,japanese breakfast - posing for cars,"Caroline Polechek - Desire, I want to turn into you",Yes
5/12/2023 18:59:34,Science,"R&B, Indie, Rock, Jazz, Lofi",Yes,YouTube Music,,,,No
5/12/2023 19:00:33,Science,"Hip-Hop / Rap, R&B, K-Pop, Krnb/Khh",Sometimes,Spotify,Tiakola,VILLAIN - NUGU,PRETTYMUCH - Phases EP,No
5/12/2023 19:15:02,Arts,"Hip-Hop / Rap, R&B, Rock, Jazz, Lofi",Yes,Spotify,Logic,Kanye West - Champion ,Logic - Under Pressure,Yes
5/12/2023 19:23:09,Engineering,"R&B, Pop, Indie, Classical, K-Pop, Lofi",Yes,Spotify,Dua Lipa,The Chainsmokers - Roses,Lorde - Melodrama,No
5/12/2023 19:30:01,Mathematics,"Hip-Hop / Rap, Pop, K-Pop",No,YouTube Music,Atrioc's Community,Atrioc's Community - Falling to the Top,Atrioc's Community - One Last Hit,No
5/12/2023 19:34:48,Engineering,"Indie, Classical, Rock, Jazz",No,Apple Music,Rachmaninoff,Kanye West - Power,Billy Joel - The Stranger,No
5/12/2023 19:38:38,Engineering,"Hip-Hop / Rap, R&B, Pop, Indie, EDM, Latino",Yes,Spotify,Omar Apollo,Omar Apollo - Killing me,Frank Ocean - Blonde,Yes
5/12/2023 19:40:15,Mathematics,"Hip-Hop / Rap, R&B, Pop, EDM",Yes,Spotify,The Weeknd,The Weeknd - Die for You,Ed Sheeran - Divide,Yes
5/12/2023 19:40:17,,,,,,,,
5/12/2023 19:44:10,Environment,"Indie, Rock, Epicore, otacore, soundtrack",Sometimes,Spotify,Project Mili,Hoyo-Mix - Wildfire,Starset - Divisions,Yes
5/12/2023 19:49:47,Mathematics,"Hip-Hop / Rap, R&B, Pop",No,Spotify,aaryan shah ,sza - Low,,No
5/12/2023 20:00:40,Arts,"R&B, Indie, Classical, Alternative ",Yes,Apple Music,Labrinth,,,Yes
5/12/2023 20:15:31,Arts,"Pop, Indie, Country",Yes,Spotify,Taylor Swift,Taylor Swift - Cruel Summer,Taylor Swift - 1989,No
5/12/2023 20:16:05,Engineering,"Pop, Rock, Emo",Sometimes,Spotify,My Chemical Romance ,Remi Wolf - Sexy Villain ,My Chemical Romance - Three Cheers for Sweet Revenge,Yes
5/12/2023 20:16:57,Mathematics,"Indie, Classical, Rock",Yes,Apple Music,Green day,,,Yes
5/12/2023 20:20:42,Science,"Hip-Hop / Rap, Pop, Indie, Country, EDM, Classical, Rock, Lofi",Sometimes,Apple Music,The fray,Taylor swift - Would’ve could’ve should’ve ,,Yes
5/12/2023 20:33:24,Engineering,"Hip-Hop / Rap, Pop, K-Pop, Rock, Lofi",Yes,Spotify,Newjeans,Le Sseraphim - unforgiven,Daft Punk - Random Access Memories,No
5/12/2023 20:39:27,Mathematics,"Indie, Rock",Sometimes,NetEase Music,Motorama,Palace - Ocean Deep,Leah Dou - ChunYou,Yes
5/12/2023 20:40:57,Mathematics,"R&B, Country, Rock, Jazz, Metal",No,Spotify,Dan Seals,Dan Seals - Everything that glitters,,Yes
5/12/2023 21:16:52,Environment,"EDM, J-Pop",Sometimes,SoundCloud,Stessie,,,No
5/12/2023 21:17:51,Mathematics,"Pop, Indie, K-Pop",Sometimes,Spotify,Hatchie,MUNA - One That Got Away,Hatchie - Giving the World Away,No
5/12/2023 21:26:41,Engineering,"Pop, Indie, Classical, Rock",Yes,Spotify,Louis Tomlinson,Animal Flag - St Cecilia’s,Twenty one pilots - Twenty one pilots,Yes
5/12/2023 21:39:16,Engineering,"Hip-Hop / Rap, Pop, Indie, Rock, Jazz, Shoegaze",Yes,Spotify,Sematary,Yves Tumor - Heaven Surrounds Us Like a Hood,Yves Tumor - praise a lord who chews but does not consume,Yes
5/12/2023 21:40:50,Engineering,"Pop, Indie, Classical, Rock, Lofi, Lemon demon, daisuke tanabe, etc",Yes,YouTube Music,Lenon demon,Lemon demon - the machine,Daisuke Tanabe - Cat Steps,No
5/12/2023 22:01:34,Science,"Hip-Hop / Rap, R&B, Pop, Indie, Rock",Sometimes,Spotify,"tyler, the creator","tyler, the creator - sweet / i thought you wanted to dance",kanye west - my beautiful dark twisted fantasy ,No
5/12/2023 22:01:57,Mathematics,"Hip-Hop / Rap, R&B, Pop, Classical, K-Pop, Lofi, cpop",Sometimes,Spotify,OZI,"bbno$, Rich Brian - Edamame",,No
5/12/2023 22:13:27,Mathematics,"Hip-Hop / Rap, R&B",Yes,Spotify,Kendrick Lamar,Kendrick Lamar - Alright,Kendrick Lamar - Good Kid M.a.a.d City,Yes
5/12/2023 22:20:44,Engineering,"R&B, EDM, Jazz, Lofi",Yes,YouTube Music,,,,Yes
5/12/2023 23:11:42,Engineering,"Hip-Hop / Rap, R&B, Pop, Indie, Lofi",Sometimes,Spotify,Glass Animals,Two Door Cinema Club - What You Know,Taylor Swift - Midnights,No
5/12/2023 23:24:50,Mathematics,"Hip-Hop / Rap, Indie, Classical, Rock, Musical/Video Game Soundtracks",Sometimes,Spotify,Radiohead,The Voidz - Human Sadness,Nirvana - MTV Unplugged In New York,No
5/12/2023 23:25:20,Engineering,"R&B, Indie, Classical, K-Pop",Sometimes,Spotify,The Black Skirts,The Black Skirts - Hawaiian black sand,JANNABI  - LEGEND,No
5/12/2023 23:29:38,Engineering,"Hip-Hop / Rap, R&B, Pop, Indie, Jazz",Sometimes,Spotify,Lana Del Rey,Lana Deal Rey - A&W,Lana Del Rey - Ultraviolence,No
5/12/2023 23:45:02,Environment,"Hip-Hop / Rap, R&B, Rock, Jazz, Lofi",Sometimes,Spotify,Chris Travis ,,Chris Travis - Pizza and Codeine,No
5/12/2023 23:46:12,Environment,"Hip-Hop / Rap, R&B, EDM, Lofi",Yes,Spotify,Pi'erre Bourne,which way - destroy lonely ,Pierre Bourne - The Life of Pi'erre 4,Yes
5/12/2023 23:47:49,Engineering,"Pop, EDM, Classical, Lofi",Yes,Spotify,Deadmau5 ,Weeknd - Sacrifice ,Deadmau5 - Where's the drop ,No
5/12/2023 23:47:49,Engineering,"Pop, Rock",Sometimes,YouTube Music,Rush,If You Could Read My Mind - Gordon Lightfoot ,Boston - Boston,No
5/12/2023 23:54:25,Engineering,"Hip-Hop / Rap, Pop, Country, EDM, Rock",No,Spotify,Morgan Wallen,,,No
5/12/2023 23:59:45,Engineering,"Hip-Hop / Rap, R&B, Pop, Classical, Rock, Jazz, Lofi",Sometimes,YouTube Music,Gorillaz,Bill Withers - Just the Two of Us,,Yes
5/13/2023 0:06:48,Mathematics,"Hip-Hop / Rap, Pop, Rock, Jazz, Lofi, I love genre bending bands with root in rock. So like Nu Metal/Rap, Alternative/Rap, Acousta-pop, blues rock. ",Yes,Spotify,The Beatles,The Beatles - Michelle,Ed Sheeran - Subtract,Yes
5/13/2023 0:31:24,Health,"Hip-Hop / Rap, Pop, EDM, Classical",Yes,Spotify,One Republic,"Nelly, Florida Georgia Line - Lil Bit",One Republic - Human,Yes
,,,,,,,,
5/13/2023 1:11:15,Environment,"Pop, Indie, K-Pop",Yes,Spotify,conan gray,lizzy mcalpine - ceilings,sza - sos,No
5/13/2023 3:22:31,Arts,"Indie, Country, Classical, Jazz, Lofi",Sometimes,Spotify,Low Roar,Low Roar - Don't Be So Serious,Low Roar - Low Roar,No
5/13/2023 6:59:51,Health,"Pop, Indie, Jazz",Yes,Spotify,Remi Wolf ,Remi Wolf - sexy villian,Joseph - good luck kid,Yes
5/13/2023 9:57:09,Science,"Hip-Hop / Rap, Pop, Indie, Rock, Lofi",Yes,Spotify,Labrinth,Neoni - I'M NOT SORRY,Taylor Swift - Lover,No
5/13/2023 9:57:33,Science,"Indie, Country, Classical, Rock, Jazz",No,Spotify,AR Rahman,Iris Dement - Our Town,Pink Floyd - Dark Side of the Moon,No
5/13/2023 10:50:17,Engineering,"Hip-Hop / Rap, R&B, Pop, Indie, Lofi",Yes,Spotify,,,,Yes
5/13/2023 11:54:59,Science,K-Pop,Yes,Spotify,Stray Kids,ATEEZ - Halazia ,Stray Kids - No Easy,Yes
5/13/2023 12:05:56,Engineering,Classical,Yes,YouTube Music,Tchaikovsky,,,Yes
5/13/2023 12:37:20,Science,"Indie, Classical, Jazz",Yes,Spotify,Dayglow,ABBA - Mama Mia,,No
5/13/2023 14:03:21,Mathematics,"Hip-Hop / Rap, R&B, Pop, K-Pop, J-Pop",Sometimes,Spotify,WOODZ,Lips - IVE,WOODZ - OO-LI,Yes
5/13/2023 15:32:10,Mathematics,"Pop, Indie, Rock, Jazz, Videogame music",Yes,Spotify,Dayglow,Dayglow - Run the World,,No
5/13/2023 16:45:19,Environment,"Hip-Hop / Rap, R&B, Rock, Afrobeats",Sometimes,Apple Music,Beyoncé ,Victoria Monet - Jaguar,Beyonce - Renaissance ,Yes
5/13/2023 20:21:12,Science,"Jazz, soft rock",No,Apple Music,Tom Misch,Brandon Coleman - Live for Today,Tom Misch - Geography,No
5/13/2023 21:31:00,Mathematics,light,Sometimes,Apple Music,,,,No
5/13/2023 21:34:12,Mathematics,"Pop, Indie, Classical, Rock",Sometimes,Spotify,Porcupine Tree,A Lot Like Birds - Orange Time Machines Care,Porcupine Tree - Deadwing,No
5/13/2023 21:40:58,Engineering,"Hip-Hop / Rap, Pop, Classical",Yes,Spotify,Kanye West,Lil Uzi Vert - XO Tour Lif3,Drake - IF YOURE READING THIS ITS TOO LATE,No
5/13/2023 22:35:01,Mathematics,"Hip-Hop / Rap, Pop, EDM, Jazz",Yes,Spotify,Kanye West,Kanye West - Saint Pablo ,Kanye West - Graduation ,No
5/14/2023 3:37:35,Engineering,"Pop, Indie, Folk",Sometimes,Spotify,Bon Iver,Bon Iver - 666,Bon Iver - 22 A Million,No
5/14/2023 16:15:08,Arts,"Pop, Indie, Country",No,Apple Music,Taylor Swift,Noah Kahan - Stick Season,Morgan Wallen - One thing at a time,Yes
5/14/2023 20:01:57,Mathematics,"Hip-Hop / Rap, R&B, Pop, K-Pop, Rock, Lofi",Sometimes,Spotify,The Weeknd,xxxtentacion - SAD!,The Weeknd - Dawn FM,No
5/14/2023 21:25:19,Mathematics,"Pop, Indie, Classical",Yes,Spotify,Tame Impala,Foster the People - SHC,Tame Impala - Currents,No
5/14/2023 21:40:15,Mathematics,"Pop, Indie, K-Pop, Rock",Yes,Spotify,Seventeen,ENHYPEN - Given Taken,Waterparks - INTELLECTUAL PROPERTY,Yes
5/14/2023 22:38:00,Mathematics,"Hip-Hop / Rap, R&B, Pop, Indie, Lofi",Yes,Spotify,polo g,"noah gundersen, phoebe bridgers - atlantis",nf - hope,Yes
5/15/2023 1:14:08,Mathematics,"Pop, Classical, J pop",Sometimes,Spotify,Aimer,FIFTY FIFTY - Cupid,Aimer - Sleepless Nights,Yes
5/15/2023 4:18:52,Arts,Classical,Sometimes,YouTube Music,Richard Wagner ,Richard Wagner - Overture of Tannhäuser und der Sängerkrieg auf Wartburg,Richard Wagner - Die Meistersinger von Nürnberg (Opera),Yes
5/15/2023 10:58:10,Mathematics,"Pop, EDM",Sometimes,Spotify,Kaarija ,Kaarija - Cha Cha Cha,,No
5/15/2023 20:44:42,,"Hip-Hop / Rap, Pop, EDM, Rock",Yes,Spotify,Linkin Park,The Flaming Lips - The Yeah Yeah Yeah Song,Jay-Z & Linkin Park - Collision Course,No
5/15/2023 20:50:34,,,,,,,,
5/15/2023 22:55:40,Mathematics,"Rock, Jazz",Sometimes,Apple Music,The Beatles,,,No
5/16/2023 3:57:04,Mathematics,"Indie, Country, Rock, Jazz",Sometimes,Spotify,Radiohead,Mitski - I Bet on Losing Dogs,Talking Heads - Stop Making Sense (Live),No
5/16/2023 6:13:30,Engineering,"Hip-Hop / Rap, R&B, Pop, Indie, Classical, Rock, Jazz",Yes,Spotify,,,,Yes
5/16/2023 12:33:36,Mathematics,"Pop, EDM, Classical, K-Pop",Yes,Spotify,,,,No
5/17/2023 1:34:05,Mathematics,"EDM, Rock, Jazz, Lofi, metal",Yes,Spotify,Daft Punk,PolyphIa - Playing God,Daft Punk - Random Access Memories,Yes